group_index,group_label,feature_index,feature_name,mean,ci_2p5,ci_97p5
0,meta,0,Intercept,,,
0,meta,1,moe_std,,,
0,meta,2,P0_std,,,
0,meta,3,P1_log_std,,,
0,meta,4,condition_PM,,,
0,meta,5,condition_PM-FC,,,
0,meta,6,condition_ST,,,
0,meta,7,condition_ST-AC,,,
0,meta,8,condition_ST-AC ,,,
0,meta,9,condition_ST-FC,,,
0,meta,10,condition_ST-WQ,,,
0,meta,11,ph1_Ti-alpha-dp,,,
0,meta,12,ph1_Ti-alpha-p,,,
0,meta,13,ph1_Ti-beta,,,
1,near,0,Intercept,,,
1,near,1,moe_std,,,
1,near,2,P0_std,,,
1,near,3,P1_log_std,,,
1,near,4,condition_PM,,,
1,near,5,condition_PM-FC,,,
1,near,6,condition_ST,,,
1,near,7,condition_ST-AC,,,
1,near,8,condition_ST-AC ,,,
1,near,9,condition_ST-FC,,,
1,near,10,condition_ST-WQ,,,
1,near,11,ph1_Ti-alpha-dp,,,
1,near,12,ph1_Ti-alpha-p,,,
1,near,13,ph1_Ti-beta,,,
2,other,0,Intercept,,,
2,other,1,moe_std,,,
2,other,2,P0_std,,,
2,other,3,P1_log_std,,,
2,other,4,condition_PM,,,
2,other,5,condition_PM-FC,,,
2,other,6,condition_ST,,,
2,other,7,condition_ST-AC,,,
2,other,8,condition_ST-AC ,,,
2,other,9,condition_ST-FC,,,
2,other,10,condition_ST-WQ,,,
2,other,11,ph1_Ti-alpha-dp,,,
2,other,12,ph1_Ti-alpha-p,,,
2,other,13,ph1_Ti-beta,,,
3,rich,0,Intercept,,,
3,rich,1,moe_std,,,
3,rich,2,P0_std,,,
3,rich,3,P1_log_std,,,
3,rich,4,condition_PM,,,
3,rich,5,condition_PM-FC,,,
3,rich,6,condition_ST,,,
3,rich,7,condition_ST-AC,,,
3,rich,8,condition_ST-AC ,,,
3,rich,9,condition_ST-FC,,,
3,rich,10,condition_ST-WQ,,,
3,rich,11,ph1_Ti-alpha-dp,,,
3,rich,12,ph1_Ti-alpha-p,,,
3,rich,13,ph1_Ti-beta,,,
4,stable,0,Intercept,,,
4,stable,1,moe_std,,,
4,stable,2,P0_std,,,
4,stable,3,P1_log_std,,,
4,stable,4,condition_PM,,,
4,stable,5,condition_PM-FC,,,
4,stable,6,condition_ST,,,
4,stable,7,condition_ST-AC,,,
4,stable,8,condition_ST-AC ,,,
4,stable,9,condition_ST-FC,,,
4,stable,10,condition_ST-WQ,,,
4,stable,11,ph1_Ti-alpha-dp,,,
4,stable,12,ph1_Ti-alpha-p,,,
4,stable,13,ph1_Ti-beta,,,
